<?xml version="1.0" encoding="UTF-8"?>
<project-private xmlns="http://www.netbeans.org/ns/project-private/1">
    <editor-bookmarks xmlns="http://www.netbeans.org/ns/editor-bookmarks/2" lastBookmarkId="0"/>
    <open-files xmlns="http://www.netbeans.org/ns/projectui-open-files/2">
        <group>
            <file>file:/C:/Users/David/Desktop/Ehrenman%20Ordner%20(Cheff)/Schule/NetBeans%20Projekte/Balls/src/Balls.java</file>
            <file>file:/C:/Users/David/Desktop/Ehrenman%20Ordner%20(Cheff)/Schule/NetBeans%20Projekte/Balls/src/Ball.java</file>
            <file>file:/C:/Users/David/Desktop/Ehrenman%20Ordner%20(Cheff)/Schule/NetBeans%20Projekte/Balls/src/GrowingBall.java</file>
            <file>file:/C:/Users/David/Desktop/Ehrenman%20Ordner%20(Cheff)/Schule/NetBeans%20Projekte/Balls/src/MainFrame.java</file>
            <file>file:/C:/Users/David/Desktop/Ehrenman%20Ordner%20(Cheff)/Schule/NetBeans%20Projekte/Balls/src/DrawPanel.java</file>
            <file>file:/C:/Users/David/Desktop/Ehrenman%20Ordner%20(Cheff)/Schule/NetBeans%20Projekte/Balls/src/DecreasingBall.java</file>
        </group>
    </open-files>
</project-private>
